ID,Name,Average,Attendance
2500030908,vedha,92.33333333333333,95.0
2500080118,guna,94.33333333333333,96.0
